,Algorithm,ProofType,TotalCoinsMined,TotalCoinSupply,PC 1,PC 2,PC 3,CoinName,class
42,Scrypt,PoW/PoS,41.99995383,42,-0.3402105337098303,1.112811737923679,-0.4565373348318531,42 Coin,0
404,Scrypt,PoW/PoS,1055184902.04,532000000,-0.3235451504737371,1.1130205362573171,-0.45659643137195954,404Coin,0
1337,X13,PoW/PoS,29279424622.5027,314159265359,2.3105380917400926,1.661528772239376,-0.5004571317602577,EliteCoin,0
BTC,SHA-256,PoW,17927175.0,21000000,-0.1474876072596269,-1.3426889019928572,0.15825519998825865,Bitcoin,3
ETH,Ethash,PoW,107684222.6865,0,-0.15503341840599622,-2.1112452523992147,0.3313390478456519,Ethereum,3
LTC,Scrypt,PoW,63039243.3000049,84000000,-0.17316564775762752,-1.063860936297404,0.018013234251036785,Litecoin,3
DASH,X11,PoW/PoS,9031294.37563393,22000000,-0.3846356110350449,1.1940565941236263,-0.48573355966274717,Dash,0
XMR,CryptoNight-V7,PoW,17201143.1449131,0,-0.14861082829648609,-2.3066118512959077,0.3988030016877659,Monero,3
ETC,Ethash,PoW,113359703.0,210000000,-0.1534758671936703,-2.111340152746968,0.3313323347236173,Ethereum Classic,3
ZEC,Equihash,PoW,7383056.25,21000000,-0.12954764564346113,-2.0556567368951923,0.23402773822646125,ZCash,3
BTS,SHA-512,PoS,2741570000.0,3600570502,-0.23726093365382783,1.5434886221334507,0.05025189309460056,Bitshares,0
DGB,Multiple,PoW,11406219141.0,21000000000,0.1541075507330353,-1.8180519371973556,0.32758731936764146,DigiByte,3
BTCD,SHA-256,PoW/PoS,1288862.0,22000000,-0.31336307003214375,0.8339643953562385,-0.31629986985044073,BitcoinDark,0
XPY,SHA-256,PoS,11995334.8847328,12500000,-0.2715765916757301,0.6009877227916192,-0.09896079297785057,PayCoin,0
PRC,Scrypt,PoW,5768310.0,21000000,-0.1743120070475568,-1.0638564494793692,0.018017495354934614,ProsperCoin,3
KOBO,X15,PoW/PoS,25542535.5881841,350000000,-0.22868694289044425,1.8725759160929991,-0.6032782059387702,KoboCoin,0
SPR,X11,PoW,11149733.9976203,20000000,-0.21894468065930747,-0.982602506435246,-0.011177871769794796,Spreadcoin,3
ARG,Scrypt,PoW,12205795.4449549,64000000,-0.17392861026237888,-1.06387360460734,0.018015907428949138,Argentum,3
AUR,Scrypt,PoW/PoS,18135099.992959,16768584,-0.33987007475626535,1.11281179161095,-0.45653858592624025,Aurora Coin,0
BLU,Scrypt,PoW/PoS,635423900.0,0,-0.3324450892058284,1.1130859870251841,-0.4565630312074159,BlueCoin,0
XMY,Multiple,PoW,1688254250.0,2000000000,-0.09930054931998233,-1.8134383662005649,0.32856692342932,MyriadCoin,3
MOON,Scrypt,PoW,88.0,384000000000,2.546733675953898,-1.2418604248090088,0.006162638323258279,MoonCoin,3
ZET,SHA-256,PoW,170204389.754849,169795588,-0.14457218531403632,-1.342692156415004,0.15824444797447745,ZetaCoin,3
SXC,Scrypt,PoW,128940951.183046,250000000,-0.1711838900826932,-1.0639094458725513,0.018005444065960417,SexCoin,3
QTL,Scrypt,PoW,7357794.7925,100000000,-0.17373273854972993,-1.0638923855574731,0.01801499200534549,Quatloo,3
ENRG,Scrypt,PoW/PoS,123062801.128773,0,-0.3387065976174144,1.1128648518580562,-0.45654231145678115,EnergyCoin,0
QRK,Quark,PoW,259557164.91477,247000000,-0.22646318448717145,-0.4905619404512301,0.011384744498077458,QuarkCoin,3
RIC,Groestl,PoW,49548585.1412917,84000000,-0.2010832026459442,-1.2931457639669226,0.13908705272803837,Riecoin,3
DGC,Scrypt,PoW,33442988.3440364,48166000,-0.17378128253436392,-1.0638570984486104,0.01801553746632195,Digitalcoin ,3
BTB,Scrypt,PoW/PoS,42579.476901,500000,-0.3402064708478593,1.11281152451689,-0.4565373519879205,BitBar,0
CAT,Scrypt,PoW,7219956.64626131,21000000 ,-0.1742942666341916,-1.0638558229483455,0.018017436650718963,Catcoin,3
CBX,Scrypt,PoW/PoS,1039116.65144562,1000000,-0.34019074896329693,1.1128117228371177,-0.45653740772478646,CryptoBullion,0
CCN,Scrypt,PoW,4703879.51824446,13140000,-0.17438071622780016,-1.063853265220633,0.01801778107237964,CannaCoin,3
CRYPT,X11,PoW,4996986.20575291,18000000,-0.219034045965834,-0.9826042348208212,-0.011177561205622662,CryptCoin,3
CSC,Scrypt,PoC,39999997299.8568,40000000000,0.7134306300282529,0.2515401329247613,-0.2531809698988051,CasinoCoin,0
DMD,Groestl,PoW/PoS,3304487.74735637,4380000,-0.36789179835670127,0.883532128603815,-0.3354643307727513,Diamond,0
XVG,Multiple,PoW,15929530669.1206,16555000000,0.17788638178688918,-1.8140391023157938,0.3275416341664194,Verge,3
DVC,SHA-256,PoW,18773857500.0,21000000000,0.23039690634344948,-1.3443190918331447,0.15684900265835827,DevCoin,3
EAC,Scrypt,PoW,12539015186.822,13500000000,0.07437607234483197,-1.0646955692597915,0.017094499133700244,EarthCoin,3
EFL,Scrypt,PoW,20910478.8062499,21000000 ,-0.1741269562746569,-1.0638499141158588,0.018016883009535387,E-Gulden,3
EMC2,Scrypt,PoW,218871896.499999,299792458,-0.16973199332395048,-1.0638937139899818,0.018000269973483266,Einsteinium,3
EMD,Scrypt,PoW,19496786.31025,32000000,-0.17406627995104068,-1.0638556235456234,0.01801660056138146,Emerald,3
EXCL,PoS,PoS,5679705.0,0,-0.3579468923729764,1.5578376416269022,-0.18478731805539358,Exclusive Coin,0
FLT,Scrypt,PoS/PoW/PoT,461829905.32893,0,-0.2961505582631662,0.5735163910704913,-0.2230684692546364,FlutterCoin,0
FRK,Scrypt,PoW,1142732.14912776,11235813,-0.17443773088068965,-1.0638539194869925,0.018017983874738085,Franko,3
FTC,NeoScrypt,PoW,208669093.00773,336000000,-0.1775120014436407,-1.5956924571609326,0.26349514004348373,FeatherCoin,3
GDC,Scrypt,PoW,884125802.0,1420609614,-0.1536591850235203,-1.0641261684562353,0.01793876281031259,GrandCoin,3
GLC,Scrypt,PoW,65672720.4708748,70000000,-0.17323267711020116,-1.0638533096956286,0.018013559994380923,GlobalCoin,3
GLD,Scrypt,PoW,41658647.9999715,72245700,-0.17351023599852133,-1.063864715215926,0.018014461782815818,GoldCoin,3
HBN,Scrypt,PoW/PoS,89266933.684704,120000000,-0.3382692178705906,1.1127946370474735,-0.4565446496789529,HoboNickels,0
HYP,X11,PoS,1678520090.7713,0,-0.3226659199197237,0.9618016470242442,-0.2684611775903156,HyperStake,0
IFC,Scrypt,PoW,90595753018.6314,90600000000,1.5746778332090965,-1.0667475788257184,0.01155749476932016,Infinite Coin,3
IOC,X11,PoW/PoS,17650913.9743456,22000000,-0.38453027161575415,1.1940603143534079,-0.48573390823794194,IOCoin,0
IXC,SHA-256,PoW,21089348.999,21000000,-0.14744896268036958,-1.342687537197837,0.1582550721107617,IXcoin,3
KGC,Scrypt,PoW,151447649.8,265420800,-0.1707995567374514,-1.0639068806102352,0.018004057794170244,KrugerCoin,3
LKY,Scrypt,PoW,19326319.14375,20000000,-0.1741534027425518,-1.0638501342686428,0.018016977946863147,LuckyCoin,3
LTB,Scrypt,PoW,1104344.22938102,1350000,-0.17450825709038412,-1.0638493532801228,0.01801829064488362,Litebar ,3
MAX,SHA3,PoW/PoS,61445805.0,100000000,-0.37833106930032123,1.9872684774996696,-0.42977329767370714,MaxCoin,0
MEC,Scrypt,PoW,38151999.9930997,42000000,-0.17376743036872241,-1.0638522076600174,0.018015537406159448,MegaCoin,3
MED,HybridScryptHash256,PoW,40431856.9,200000000,-0.14599911668041404,-2.2229358084302273,0.3273612360738706,MediterraneanCoin,3
MINT,Scrypt,PoS,21293925445.4969,0,-0.03825686434755119,0.8890165035996547,-0.2400592391458615,MintCoin,0
MINC,Scrypt,PoW,5804204.88794916,10000000,-0.17438952128359708,-1.0638513347073661,0.018017833520868276,MinCoin,3
MZC,SHA-256,PoW/PoS,1613836099.99999,2419200000,-0.2766682446414447,0.8335490989807185,-0.31643909276317767,MazaCoin,0
NAUT,Scrypt,PoS,16180000.0,16180000,-0.29817518019732836,0.8798255232355653,-0.23919927215681486,Nautilus Coin,0
NAV,X13,PoW/PoS,66087096.2077108,0,-0.27280459816688923,1.794555378520116,-0.4895762984207242,NavCoin,0
NOBL,Scrypt,PoW,2366066305.76482,15000000000,-0.03931647119116249,-1.0697815726480828,0.017459579082400124,NobleCoin,3
NMC,SHA-256,PoW,14736400.0,21000000,-0.14752660136855864,-1.3426902791320745,0.1582553290223796,Namecoin,3
NYAN,Scrypt,PoW,334709223.483138,337000000,-0.16805268214854735,-1.063860966906499,0.01799443678433237,NyanCoin,3
OPAL,X13,PoW/PoS,15156364.3306548,0,-0.27342701701710825,1.7945333968046222,-0.4895742387950685,OpalCoin,0
ORB,NeoScrypt,PoW/PoS,3220616.279225,3770000,-0.3480563692898155,0.5810338254052351,-0.2110420061114558,Orbitcoin,0
POT,Scrypt,PoW/PoS,222677226.014206,420000000,-0.3345128371425951,1.1127131456938575,-0.4565593070525775,PotCoin,0
PXC,Scrypt,PoW/PoS,73959274.625,98000000,-0.3386121968886081,1.112798228817855,-0.456543351406143,PhoenixCoin,0
RDD,Scrypt,PoW/PoS,29315567169.0888,0,0.01805177466716945,1.1254643434012561,-0.4577228488009013,Reddcoin,0
RPC,Scrypt,PoW,1104157.42169891,21000000,-0.17436900714117493,-1.063858462528686,0.01801768397206129,RonPaulCoin,3
SBC,Scrypt,PoW,24215181.725,250000000,-0.17246373214684677,-1.0639546455385345,0.018009679149054804,StableCoin,3
SMC,Scrypt,PoW,25593737.1355044,51200000,-0.17385570653851473,-1.0638618926612944,0.01801576121533049,SmartCoin,3
SUPER,X11,PoS,50707661.7493518,0,-0.3425592358628351,0.9610990828086202,-0.2683953492757094,SuperCoin,0
SYNC,X11,PoW/PoS,1177.0,1000,-0.38490186582271374,1.1940628948188554,-0.4857325152829795,SyncCoin,0
SYS,SHA-256,PoW,563336541.299966,888000000,-0.1346781134996754,-1.342855419145324,0.15820637573928198,SysCoin,3
TES,Multiple,PoS,80260463.7331396,100000000,-0.25637251196012617,0.13042365261603792,0.0714741162101158,TeslaCoin,0
TGC,SHA-256,PoW,43536800.0,47011968,-0.14699029773032912,-1.3426899072639533,0.15825336123982653,TigerCoin,3
TIT,PHI1612,PoS,1622326490.46336,2300000000,-0.32272803766520947,1.6582206345595323,-0.21645981183237106,TittieCoin,0
TOR,X11,PoW/PoS,1431851.00002479,10000000,-0.3848135225244589,1.1940588770527778,-0.48573288185138713,TorCoin,0
TRC,SHA-256,PoW,22935396.0,42000000,-0.14727758316440778,-1.342696475432165,0.1582543490963894,TerraCoin,3
UNB,SHA-256,PoW,2278150.0,80000000,-0.14726074123822547,-1.34272300679797,0.15825401124594973,UnbreakableCoin,3
UNO,SHA-256,PoW,200911.79151896,250000,-0.14785128548738202,-1.3426869335561862,0.15825655747590053,Unobtanium,3
URO,X11,PoW,1207310.0,0,-0.2192079184769076,-0.9825975261699639,-0.011176852214345917,UroCoin,3
USDE,Scrypt,PoW/PoS,1098952592.6,1600000000,-0.3154417520931705,1.112544332694826,-0.45663117509921464,UnitaryStatus Dollar,0
UTC,Scrypt,PoW/PoS,50235211.141939,100000000,-0.3388879527935112,1.1127870623648697,-0.4565424537597761,UltraCoin,0
VIA,Scrypt,PoW,23150892.1679687,23000000,-0.17408540317517984,-1.0638498742947158,0.018016730659158094,ViaCoin,3
VRC,Scrypt,PoST,32021108.4136696,0,-0.3091982761764834,0.5237092360457398,-0.34619740814158867,VeriCoin,0
VTC,Lyra2REv2,PoW,51173723.8166347,84000000,-0.19130800378713778,-1.337817140061664,0.19776237172159114,Vertcoin,3
WDC,Scrypt,PoW,119606941.0,265420800,-0.1711886785236707,-1.0639206230674154,0.01800534542421838,WorldCoin,3
XC,X11,PoW/PoS,6950831.0970606,5500000,-0.3847779655022892,1.1940633451148392,-0.4857329661030814,X11 Coin,0
XCR,Multiple,PoS,100000000.0,0,-0.25683994002626725,0.13047852929313047,0.07147640538030464,Crypti,0
XJO,SHA-256,PoW,39195739.362088,45000000,-0.1470576074209627,-1.3426908481769237,0.15825359890934151,JouleCoin,3
XST,X13,PoW/PoS,33093725.4123502,0,-0.2732078065080705,1.7945411385737562,-0.48957496417732277,StealthCoin,0
ZCC,Scrypt,PoW/PoS,147990237.978331,1000000000,-0.33131533457319334,1.1124120396581092,-0.45657419383531705,ZCC Coin,0
BCN,CryptoNight,PoW,184066828814.0,184467440735,3.8578586254339884,-2.3266956766152935,0.3207387302963697,ByteCoin,3
XDN,CryptoNight,PoW,6906587610.38292,10000000000,0.4564171014265204,-2.322280050804317,0.3332896082319905,DigitalNote ,3
BURST,Shabal256,PoC,1813033920.0,2158812800,0.1618787307269105,0.030443350591517062,-0.22939505050491626,BurstCoin,0
SJCX,Counterparty,PoS,51173144.0,500000000,-0.3436164955649852,1.4844009322997602,-0.29073960777215957,StorjCoin,0
MONA,Scrypt,PoW,68194674.8711679,105120000,-0.17295297422296357,-1.0638685018290994,0.018012373701097536,MonaCoin,3
NTRN,SHA-256,PoW/PoS,39121694.0,68000000,-0.31257473430078947,0.8339593997543389,-0.3163028200190981,Neutron,0
FAIR,Groestl,PoW/PoS,53193831.0,0,-0.3673131456307145,0.883555691296228,-0.33546621305540053,FairCoin,0
NLG,Scrypt,PoW,415032420.0,1680000000,-0.15755372037878587,-1.064448875098308,0.017949724324008612,Gulden,3
RBY,Scrypt,PoS,27184490.3918338,0,-0.2981553571698499,0.8798377733530861,-0.2391992176290786,RubyCoin,0
PTC,Scrypt,PoW,137517654.41397,166386000,-0.17167161641899753,-1.0638669831493037,0.018007678751638327,PesetaCoin,3
KORE,X13,PoW/PoS,2022464.886973,12000000,-0.273502485420799,1.7945221653599783,-0.48957407815539794,Kore,0
WBB,Scrypt,PoW,181919.2435974,2628000,-0.17451047323421476,-1.0638503438425506,0.018018288490132286,Wild Beast Coin,3
NOTE,Scrypt,PoS,174646113.934655,500000000,-0.2928099311565001,0.8796696323797509,-0.2392206180987959,Dnotes,0
FLO,Scrypt,PoW,152270664.860648,160000000,-0.17153657671123362,-1.0638576553829433,0.018007279307106536,Flo,3
8BIT,Scrypt,PoW/PoS,1467841.0,0,-0.3401925961979664,1.1128123714455318,-0.4565373941879692,8BIT Coin,0
STV,X13,PoW/PoS,7096834.0,10000000,-0.27345464537139075,1.79452528260062,-0.489574221612936,Sativa Coin,0
ABY,Scrypt,PoW,792537250.0,1000000000,-0.15775918229945982,-1.0639707157241662,0.01795545266329701,ArtByte,3
FLDC,Stanford Folding,PoW,719416990.0,1000000000,-0.13646784741898588,-2.134541008697591,0.3876542136716169,Folding Coin,3
U,X11,PoS,2689812.0,20000000,-0.3430043241504059,0.9610690868759695,-0.26839402493264386,Ucoin,0
UIS,Multiple,PoW,65113302.0,0,-0.13331003079158849,-1.8132117724291619,0.3286943114692822,Unitus,3
CYP,QuBit,PoW,6365285.0,0,-0.18587821699123536,-1.5488410058220086,0.2479819906989224,CypherPunkCoin,3
OMC,Scrypt,PoW,10140044.4430293,3371337,-0.1743835083332895,-1.0638463905028361,0.018017862836094235,OmniCron,3
VTR,Scrypt,PoW/PoS,11604722.0,20000000,-0.3399269819428132,1.112807475107936,-0.45653842160720925,Vtorrent,0
GRE,Scrypt,PoW,4610340640.89,10000000000,-0.04732258032219797,-1.0664950888963078,0.017523192804482578,GreenCoin,3
XCN,M7 POW,PoW,708506520.0,1840000000,-0.14125318543318297,-2.1737622397392773,0.4401255683292965,Cryptonite,3
MSC,Scrypt,PoW,619478.0,619478,-0.1745193595243929,-1.0638492238997657,0.018018332807118814,MasterCoin,3
SOON,SHA-256,PoW,12462620.0,21000000,-0.1475543889828557,-1.342691260496041,0.15825542097345596,SoonCoin,3
1CR,Scrypt,PoW,88213.0,92000000000,0.4774394963166363,-1.106497687660477,0.01517793603053688,1Credit,3
ISL,X11,PoW/PoS,1513704.0,0,-0.3848833884838959,1.1940635480894244,-0.48573257641830747,IslaCoin,0
NXS,SHA3,PoW/nPoS,63657220.0,78000000,-0.3303915943545245,2.1103297526586915,-0.1473323557001428,Nexus,0
MARS,X11,PoW,32221574.820996,33000000,-0.21859503786078865,-0.9825994382454767,-0.011179125275752993,MarsCoin ,3
CTO,Lyra2RE,PoW,13742738.0,65789100,-0.15502662426885158,-2.276782756219008,0.3627839407034315,Crypto,3
ACP,SHA-256,PoW,14747200.0002,53760000,-0.14729431146306446,-1.3427054610530618,0.15825431714292637,Anarchists Prime,3
DRZ,QUAIT,PoW/PoS,8568038.35935056,5060000,-0.4290429156190649,1.9869382519399128,-0.576337537016756,Droidz,0
BSC,X11,PoW,15863837.5,21000000,-0.21887998349337084,-0.9826009353979869,-0.011178093281243851,BowsCoin,3
SQL,X11,PoS/PoW,329200.01639,0,-0.3745217337493435,0.7331079761861559,-0.6147067298261252,Squall Coin,0
SONG,Scrypt,PoW,32565300.0,210240000,-0.17264345058649627,-1.0639326100471005,0.01801056903536617,Song Coin,3
ZNY,Scrypt,PoW,75614500.0,250000000,-0.1718355867540023,-1.0639324615810446,0.018007600573886066,BitZeny,3
DIGS,Scrypt,PoS,100000000.0,100000000,-0.29655682410850526,0.8798228434549021,-0.2392052497014408,Diggits,0
EXP,Ethash,PoW,10495278.0,16906397,-0.15610134442742793,-2.1112950364833707,0.3313424561679983,Expanse,3
CON,X13,PoW/PoS,23042604.0,50000000,-0.2729763087733956,1.7945136219630933,-0.4895761014285372,Paycon,0
SC,Blake2b,PoW,33098296530.0,0,0.37156314207997665,-2.1508130574305047,0.4295522241821639,Siacoin,3
EMC,SHA-256,PoW/PoS,43059794.804778,1000000000,-0.3059218702908093,0.8335290513725101,-0.31633175414057946,Emercoin,0
EGC,X15,PoW/PoS,13530556.4180753,26298000,-0.23112769548595005,1.8727207905434355,-0.6032677260984868,EverGreenCoin,0
MND,X11,PoW,15867695.0,16000000,-0.21891536948924492,-0.9825986158786516,-0.011177939065642519,MindCoin,3
I0C,SHA-256,PoW,20997476.8650231,21000000,-0.14745008543957394,-1.342687576849871,0.15825507582604703,I0coin,3
DCR,BLAKE256,PoW/PoS,10365046.9281661,21000000,-0.085004634365908,0.9179804544525738,-0.28341820962674125,Decred,0
RVR,Scrypt,PoW,210000000.0,210000000,-0.1704767415017297,-1.0638559179330995,0.01800340103171822,Revolution VR,3
HODL,1GB AES Pattern Search,PoW,11448949.0,81962100,-0.13759882443455373,-2.2635997373765724,0.29936523305489776,HOdlcoin,3
EDRC,SHA-256,PoW/PoS,3669691.84494672,22000000,-0.3133339741735129,0.8339654229229425,-0.31629996613058536,EDRCoin,0
HTC,X11,PoW/PoS,10996318099.0,26550000000,-0.06236713553525152,1.1865011011140818,-0.4869969166516963,Hitcoin,0
GAME,Scrypt,PoW,69836100.0,84000000,-0.17308258412244357,-1.0638580027724982,0.018012959387914685,Gamecredits,3
DBIC,SHA-256,PoW/PoS,5129014.0,10500000,-0.31339763617590005,0.833971383831922,-0.31629967009052345,DubaiCoin,0
DIEM,SHA-256,PoW,21739971929.0,21626280000 ,0.2710836763734126,-1.343329241344447,0.1567097177874266,CarpeDiemCoin,3
PWR,NIST5,PoW/PoS,10069449031.9252,0,-0.23000315038881797,1.5314273064510247,-0.44876053419813994,PWR Coin,0
BLRY,Scrypt,PoW/PoS,8998743.2411911,42000000,-0.33980292351445396,1.112796151807387,-0.4565389954571282,BillaryCoin,0
GPU,Scrypt,PoS,40477042.0,221052632,-0.296426392683465,0.8797410368566186,-0.23920658002600523,GPU Coin,0
ADZ,X11,PoW,45110324.0,84000000,-0.21807610787317191,-0.9826175175736476,-0.011181221083734831,Adzcoin,3
SOIL,Dagger,PoW,5702048.0,30000000,-0.14119938030811613,-2.3876934662670943,0.2921670038882921,SoilCoin,3
YOC,Scrypt,PoW,636462.55983338,168351300,-0.17333049900027103,-1.0639269721587918,0.018013153514417783,YoCoin,3
SIB,X11GOST,PoW,17263355.0,24000000,-0.1527214248986929,-2.1715097582981926,0.3958326491930219,SibCoin,3
ERC,X11,PoW/PoS,10407269.7881868,384000000,-0.3820534362034895,1.1938893753336948,-0.4857447918104708,EuropeCoin,0
ZEIT,Scrypt,PoS,36971236046.8073, 99000000000,0.8549099488561058,0.8498893165805204,-0.24374978316408538,ZeitCoin,0
SWING,SHA-256,PoW/PoS,4377081.60953993,40000000,-0.3131977699446737,0.8339573839565535,-0.31630055047499456,SwingCoin,0
SAFEX,Scrypt,PoC,2147483647.0,2147483647,-0.017407446221374745,0.25275030399426507,-0.2504815533329552,SafeExchangeCoin,0
NEBU,PoS,PoS,20000000.0,20000000,-0.3576301530772846,1.5578345508517422,-0.18478851465081683,Nebuchadnezzar,0
FRN,Scrypt,PoW,6570807.65677618,20000000,-0.17430928643990065,-1.0638556395503103,0.018017493776456,Francs,3
BOLI,X11,PoW,13654082.4987998,25000000,-0.21887864215486283,-0.9826037434122988,-0.011178127416599166,BolivarCoin,3
XRA,X11,PoW/PoS,134554941.15119,75000000,-0.3827260091464803,1.1940862009011688,-0.48574027214556603,Ratecoin,0
REV,SHA-256,PoW/PoS,1195525.0,222725000,-0.31194174737008906,0.8338713048055995,-0.3163060633236823,Revenu,0
CKC,SHA-256,PoW/PoS,16662820.0,525000000,-0.30961061291077563,0.8337378546036676,-0.31631602135200404,Clockcoin,0
VIP,NIST5,PoW/PoS,83450403.0,90000000,-0.3514031404410392,1.5270756257853912,-0.4483594816790144,VIP Tokens,0
BSD,X11,PoW/PoS,24387724.5010828,139000000,-0.38361880637006296,1.1940089841685446,-0.4857377929681938,BitSend,0
OMNI,Scrypt,PoW,616448.0,616448,-0.17451941802617002,-1.0638492238028947,0.01801833302320021,Omni,3
LIR,POS 3.0,PoS,38589808.6658096,33500000,-0.34367863116010716,1.4412613763014965,-0.2953086313767043,Let it Ride,0
PUT,Scrypt,PoW/PoS,813092338.575672,2000000000,-0.3161005676549039,1.112235526989043,-0.45663196471207057,PutinCoin,0
IBANK,Scrypt,PoW/PoS,4526324.0,44333333,-0.3398410449941144,1.1127931398449733,-0.4565388866337162,iBankCoin,0
FRWC,Scrypt,PoW/PoS,100000000.0,100000000,-0.3382797828041776,1.1128085408590909,-0.4565444662349968,Frankywillcoin,0
MUDRA,X13,PoS,5000000.0,200000000,-0.23041085261017838,1.561450601733797,-0.27224078640464394,MudraCoin,0
PIZZA,X11,PoW,1377917.0,25000000,-0.2190286678178223,-0.9826090418081281,-0.011177630971634326,PizzaCoin,3
LC,X11,PoS,657000000.0,657000000,-0.3304938898198382,0.9610561926470818,-0.26844015200928656,Lutetium Coin,0
KMD,Equihash,dPoW/PoW,115898131.0,200000000,-0.16684461861479957,-1.4127840539248413,-0.06631695692327047,Komodo,3
GB,X11,PoW/PoS,15563873.0,50000000,-0.3843573515404882,1.1940464336012007,-0.4857346883194873,GoldBlocks,0
CTC,Scrypt,PoW/PoS,43165500.0,90000000,-0.33904521722861175,1.1127886467848027,-0.4565418591192874,CarterCoin,0
KRB,CryptoNight,PoW,7822432.72439746,10000000,0.30131264435464367,-2.320626486263522,0.3338770269667113,Karbo,3
BXT,SHA-256,PoW/PoS,595429.0,21000000,-0.3133786310278551,0.8339645596412847,-0.3162998109338698,BitTokens,0
ZYD,SHA-256,PoW,6243840.0,9736000,-0.14771021177971014,-1.3426887228604312,0.1582560202276488,ZayedCoin,3
MST,X11,PoW/PoS,657636.34549789,3000000,-0.3848725905093965,1.1940617878977675,-0.4857326344221104,MustangCoin,0
ZNE,Scrypt,PoW/PoS,2581970.0,21000000,-0.3400301613710725,1.1128031173152275,-0.4565380876037662,ZoneCoin,0
COVAL,Multiple,PoW,1000000000.0,1200000000,-0.1133809305813131,-1.8133645601819355,0.3286194557091369,Circuits of Value,3
ROOT,Scrypt,PoW/PoS,1939889.0,0,-0.3401868273514846,1.1128125751815563,-0.4565374132774684,RootCoin,0
DOPE,Scrypt,PoW,116845228.0,200000000,-0.1716860419595925,-1.063891487845067,0.018007476929855777,DopeCoin,3
BTCR,Scrypt,PoS,169598616.0,0,-0.29641492986694046,0.8798992393221791,-0.23920497681957115,BitCurrency,0
DLC,SHA-256,PoW,9106714.0,10638298,-0.1476688306627882,-1.342687905522445,0.15825587659592635,DollarCoin,3
SCN,Scrypt,PoW/PoW,665200057.0,3100000000,-0.2843754668998,0.565499005204884,-0.06030670112452657,Swiscoin,0
SH,Scrypt,PoW,11119200.0,30000000,-0.17418283476342147,-1.0638583121720113,0.01801700109744904,Shilling,3
BUZZ,SHA-256D,PoW/PoS,19577787259.0,20000000000,0.045963455785134506,1.9447714173970636,-0.6820922760399947,BuzzCoin,0
XPO,PoS,PoS,74033806.7949683,74000000,-0.3565871340012325,1.5578328390271605,-0.18479236697727017,Opair,0
PSB,Scrypt,PoW/PoS,33522957.0,0,-0.33980085416503186,1.1128262064409078,-0.456538690488589,PesoBit,0
HALLO,X11,PoW/PoS,264678458.288619,1500000000,-0.3710373396951685,1.1934817737263326,-0.4857895302121978,Halloween Coin,0
XZC,Lyra2Z,PoW,7568281.24956067,21400000,-0.15644206543805855,-2.2090655970820223,0.3450605243110967,ZCoin,3
CFC,PoS,PoS,148716816.0,39999898,-0.35591538725357846,1.5578808336884225,-0.1847943374088822,CoffeeCoin,0
ROYAL,X13,PoS,2500124.0,2500124,-0.23184101138922592,1.5615410779795196,-0.2722345876360459,RoyalCoin,0
GNJ,X14,PoW/PoS,100000000.0,100000000,-0.4001743424444036,1.8776320775487167,-0.6542257728259698,GanjaCoin V2,0
TEAM,PoS,PoS,17818682.1654,301000000,-0.3556654683685673,1.5577033459751148,-0.18479710212264347,TeamUP,0
LANA,SHA-256D,PoW/PoS,1082162635.53683,7506000000,-0.26860985547330135,1.9425805562581193,-0.6809585740057836,LanaCoin,0
ELE,Ethash,PoW,26205539.0,26205539,-0.1558434515062892,-2.1112925667426476,0.331341533744417,Elementrem,3
ZCL,Equihash,PoW,5613550.0,21000000,-0.1295692705839437,-2.055657500614495,0.23402780978483667,ZClassic,3
ARK,DPoS,DPoS,108202084.0,125000000,3.7184401600443944,1.9254633619533676,0.3058642594152595,ARK,0
INSANE,X11,PoW/PoS,18342813.0,30000000,-0.3844651229734359,1.1940569044100857,-0.485734183212716,InsaneCoin,0
KLC,Scrypt,PoW,196297971.0,10000000000,-0.10126610836815085,-1.0684001907193512,0.017701695551100734,KiloCoin,3
ATX,X11,PoW,824000000.0,500000000,-0.20560934607414041,-0.9824741941009916,-0.011225562898134998,ArtexCoin,3
EMB,X13,PoW/PoS,92192822723.0,850000000,0.8590896982417405,1.8339232633738864,-0.49332812300958556,EmberCoin,0
XEN,X11,PoW/PoS,3853326.77707314,3853326.77707314,-0.3848274891204352,1.1940627715810355,-0.48573279000089054,XenixCoin,0
FRE,PoS,PoS,50000000.0,50000000,-0.3570509275623158,1.5578335917319632,-0.1847906540726587,FreeCoin,0
PLNC,Scrypt,PoW/PoS,17089600.0,38540000 ,-0.3397285657789063,1.1128012477782794,-0.45653921582414236,PLNCoin,0
ARCO,Scrypt,PoW/PoS,2449577.41533168,42000000,-0.3398829601468168,1.1127933251859228,-0.45653873061055195,AquariusCoin,0
KURT,X11,PoW,61364813.0,228000000,-0.2168569891848932,-0.9826772563402703,-0.01118632431307242,Kurrent,3
XCRE,PoS,PoS,20000000.0,20000000,-0.3576301530772846,1.5578345508517422,-0.18478851465081683,Creatio,0
ENT,X11,PoW/PoS,6069482.07721352,60000000,-0.38440251516762175,1.1940377001110387,-0.4857346131119628,Eternity,0
EUC,SHA-256,PoW/PoS,12416554.0,20000000,-0.3132412529921746,0.8339701252124183,-0.31630025810279544,Eurocoin,0
BCF,Scrypt,PoW/PoS,20244023.640728,33000000,-0.33972927583277657,1.1128051774109586,-0.4565391723444911,BitcoinFast,0
XSN,X11,TPoS,75590369.0,76500000,-0.3347324663278095,0.38935566612396727,-0.5032524159685106,Stakenet,0
BCCOIN,Scrypt,PoW/PoS,11080722.3769581,28000000,-0.3398766926636147,1.11280354038248,-0.4565386474113551,BitConnect Coin,0
MONEY,Scrypt,PoW/PoS,10914418.0,650659833,-0.33546616669862955,1.1125148216341556,-0.45655786488462385,MoneyCoin,0
XNG,X11,PoW/PoS,814671.0,5000000,-0.3848564981510422,1.1940609285321855,-0.4857327025211899,Enigma,0
XCI,CryptoNight,PoW,978145.0,21000000,0.3013069539736497,-2.3206345395394274,0.3338769641304272,Cannabis Industry Coin,3
RC,Scrypt,PoW/PoS,8377873.0,144000000,-0.33908767508681875,1.1127485996091366,-0.45654211952987683,Russiacoin,0
PND,Scrypt,PoS,33813143821.8337,32514916898,0.34516022820089237,0.8793468322268035,-0.24156938903694303,PandaCoin,0
UNITS,Scrypt,PoW/PoS,3472983.0,13000000,-0.3400759654203187,1.11280721044374,-0.45653787664154655,GameUnits,0
GAKH,Scrypt,PoW/PoS,3315789.0,3315789,-0.3401465148677053,1.1128116319170611,-0.4565375712912379,GAKHcoin,0
ASAFE2,Quark,PoS,10517772.7391666,15000000,-0.35510702071834865,1.453113367151658,-0.24581451685096867,Allsafe,0
LTCR,QuBit,PoW/PoS,30227750.0,78835200,-0.35070713515225294,0.6277936895393746,-0.22657712008961983,LiteCreed,0
OS76,Scrypt,PoW,894026.0,2714286,-0.17450115917943115,-1.0638500764967904,0.018018257028696805,OsmiumCoin,3
BIC,CryptoNight,PoW,9357088.0,25000000,0.3014376986211684,-2.3206327774692665,0.33387650179085654,Bikercoins,3
HXX,Lyra2RE,PoW,1876146.443596,9999999,-0.15556700115631808,-2.2767620156395734,0.3627861430358566,HexxCoin,3
KED,Scrypt,PoW/PoS,23965372.0,500000000,-0.3363743425603627,1.1125902959413545,-0.4565537411420281,Klingon Empire Darsek,0
IOP,SHA-256,PoW/PoS,2526078.47525448,21000000,-0.313355036773811,0.8339653929100386,-0.3162998890088364,Internet of People,0
KUSH,X11,PoW/PoS,5659096.95728771,9354000,-0.3847664397798346,1.19406100099989,-0.4857330328553133,KushCoin,0
PRX,Scrypt,PoW/PoS,11821728.0,20000000,-0.3399243299364501,1.112807568767775,-0.4565384303828761,Printerium,0
PAC,X11,PoW,536982074.0,100000000000,0.4960024848614216,-1.0287233743972155,-0.014285950749689675,PacCoin,3
IMPCH,Scrypt,PoW/PoS,308179.0,21933333,-0.3400513349364095,1.1128017032805064,-0.45653802446826575,Impeach,0
CTL,CryptoNight-V7,PoW,10969318.522954,185000000,-0.14737596063268404,-2.3067003015670045,0.39879754195204736,Citadel,3
ZBC,Scrypt,PoS,2922613.96424908,55000000,-0.2980620943650312,0.8798018055228811,-0.23919993457262423,Zilbercoin,0
FRST,Scrypt,PoW/PoS ,110000000.0,110000000,-0.3242309225303459,0.6211123131949257,-0.16831466060077124,FirstCoin,0
BVC,Scrypt,PoW,3115258.0,3360000,-0.17446943781379146,-1.0638494171467638,0.018018147266668103,BeaverCoin,3
FIND,X13,PoS,14524851.4827,14524851.4827,-0.23160884375694185,1.5615406935410538,-0.27223544516819964,FindCoin,0
VLTC,X11,PoW,30385540.0,1000000000,-0.21176470695899086,-0.9830485037266165,-0.011208906493858846,VaultCoin,3
ZER,Equihash,PoW,6921653.89980891,17000000,-0.12958163090099667,-2.0556550817530037,0.23402788038272976,Zero,3
CHAT,Scrypt,PoW/PoS,1000000000.0,1000000000,-0.32090301735511184,1.1127797672657176,-0.4566086488902496,OpenChat,0
CDN,Scrypt,PoW,99843408.3158479,100000000 ,-0.17260248207962917,-1.0638524687455828,0.01801125191099892,Canada eCoin,3
ZOI,Lyra2RE,PoW,18545757.5,21000000,-0.15528533076975864,-2.2767599203118647,0.36278512930354256,Zoin,3
RNS,Scrypt,PoS,36050365.0,34426423,-0.2978030410561871,0.8798256407791294,-0.2392006390551405,RenosCoin,0
DBIX,Dagger-Hashimoto,PoW,2232901.0,2232901,-0.1531377662347206,-2.196446783664686,0.2623114863259768,DubaiCoin,3
XVP,X11,PoW/PoS,13162749.0858027,100000000,-0.38403236403114277,1.1940222187312028,-0.48573613493462686,VirtacoinPlus,0
TAJ,Blake2S,PoW/PoS,12184195.9258495,36900000,-0.405589067366058,1.634286752835148,-0.5970363400959146,TajCoin,0
IMX,X11,PoW/PoS,110630387.850471,110000000,-0.38277035650479946,1.1940596500774492,-0.48574038524398383,Impact,0
EB3,Scrypt,PoW,64096052.0,4000000000,-0.1454014989684299,-1.0656758237734878,0.017892287679121315,EB3coin,3
ATMOS,PoS,PoS,111135836.889,110290030,-0.35587654026058246,1.557832029270401,-0.18479498780377165,Atmos,0
HPC,X11,PoW/PoS,21521322.0099142,100000000,-0.38393021483443684,1.194025826293183,-0.48573647295315947,HappyCoin,0
CXT,NIST5,PoW,10123200.0,48252000,-0.18691590220615553,-0.6495976111144087,0.026200484408709736,Coinonat,3
MCRN,PoS,PoS,401421401.0,400000000,-0.35027592576968364,1.5578230154782022,-0.18481567147523553,MacronCoin,0
RAIN,X11,PoW/PoS,121665451.643876,500000000,-0.379871713448201,1.1938836201674228,-0.4857528724836904,Condensate,0
IMS,Scrypt,PoW/PoS,5368934.0,21212121,-0.33999459896924883,1.1128042218364054,-0.4565382068569625,Independent Money System,0
ARGUS,Scrypt,PoW/PoS,1148324.0,28600000,-0.33999382343083495,1.1127989754145426,-0.4565382642723194,ArgusCoin,0
LMC,Scrypt,PoW/PoS,500000.0,1000000000,-0.33311779648484635,1.1123483828377596,-0.4565682293681501,LomoCoin,0
PROC,SHA-256,PoS,100545745.0,75000000000,0.2609140595961805,0.5662639192517203,-0.10127956196119517,ProCurrency,0
XGR,X11,PoW/PoS,17171382.0,40000000,-0.38440857262642036,1.1940517631113254,-0.4857344445835421,GoldReserve,0
BENJI,Scrypt,PoW,20276099.146524,35520400,-0.17403180829115278,-1.0638569191489775,0.018016460356217595,BenjiRolls,3
GRW,Scrypt,PoS,295135466.361878,2000000000,-0.28070750269892103,0.8790262792806748,-0.2392718021362505,GrowthCoin,0
ILC,SHA-256,PoW,1317747500.0,2500000000,-0.11403489680272925,-1.3432770914739387,0.15812609815186549,ILCoin,3
PHR,PoS,PoS,11390225.9742772,30000000,-0.35766450589900345,1.5578261991624358,-0.18478847521697106,Phreak,0
DEA,Scrypt,PoW/PoS,21358764.0,105000000,-0.3392054155273819,1.112772281429261,-0.4565414403753018,Degas Coin,0
HTML5,X15,PoW/PoS,40659020000.0,90000000000,0.9032064617736668,1.8485542041807437,-0.6076892960189271,HTML5 Coin,0
USC,SHA-256,PoS,10343113.0,200084200,-0.27026744392956037,0.6009000511182251,-0.09896651769693317,Ultimate Secure Cash,0
EQT,Scrypt,PoW,13673406.4325268,72000000,-0.17385398172983252,-1.063876679753202,0.01801560108458437,EquiTrader,3
QTUM,POS 3.0,PoS,100000000.0,100000000,-0.3424568832582533,1.441257053490072,-0.29531316793123785,QTUM,0
QRL,CryptoNight-V7,PoW,69036016.8340164,105000000,-0.14723326413195606,-2.306638154295779,0.39879766369530506,Quantum Resistant Ledger,3
ESP,536,PoW/PoS,22801882871.0,50000000000,0.5788912002042184,2.055934815101484,-0.6467890636976936,Espers,0
DYN,Argon2d,PoW,19784224.6512734,0,-0.13562265664229334,-2.2592411618358086,0.30334833956659374,Dynamic,3
NANO,Blake2b,PoW,133248297.0,340282367,-0.028887617783550795,-2.165198524765095,0.43087481624026697,Nano,3
CHAN,Cloverhash,PoW,18407259.0885883,30000000,-0.12278347702656099,-2.3634835766817197,0.27003760234467444,ChanCoin,3
DCY,CryptoNight,PoW,1809467143.0,2000000000,0.3374327343177456,-2.320771402061542,0.3337427290238557,Dinastycoin,3
DNR,NIST5,PoW/PoS,4171382.0,10000000,-0.3529389308095451,1.5270784946128366,-0.44835380571030703,Denarius,0
DP,X11,PoW,35138975.0,100000000,-0.21808458058675226,-0.982629238344348,-0.01118131183406466,DigitalPrice,3
VUC,NIST5,PoW/PoS,62942075.0,120000000,-0.351441171625152,1.527052867259728,-0.44835957855710407,Virta Unique Coin,0
BTPL,Skein,PoW/PoS,6804362.0,100000000,-0.40677218390366904,1.8927295872724732,-0.5731194211232079,Bitcoin Planet,0
UNIFY,Scrypt,PoW,18133195.0,19276800,-0.1741731088300352,-1.0638503139668298,0.018017048524803136,Unify,3
BRIT,X13,PoW/PoS,21268092.0,30000000,-0.27313972744041853,1.7945221275010574,-0.48957541218134176,BritCoin,0
SOCC,Scrypt,PoW,5167775.0, 75000000,-0.17393666822955775,-1.0638817414983306,0.018015852427166485,SocialCoin,3
ARC,X11,PoW,26042364.3735553,60000000,-0.2184792143643647,-0.9826146216080743,-0.011179708996701504,ArcticCoin,3
DAS,X11,PoW,2622886.0,18900000,-0.21905668161745528,-0.9826056766968106,-0.011177492984510805,DAS,3
LINDA,Scrypt,PoW/PoS,9044930943.24243,50000000000,0.12465794730113516,1.093536987814224,-0.4584468254734127,Linda,0
XLC,CryptoNight,PoW,14161803.0,54000000,0.3017019287127626,-2.3206441473089097,0.3338754121341583,LeviarCoin,3
ONION,X13,PoW/PoS,21917018.0492836,18898187.6216583,-0.27321047139673976,1.7945275540547039,-0.48957509566284185,DeepOnion,0
BTX,Time Travel,PoW,17801865.1605478,21000000,-0.12106549116716352,-2.3484712106690377,0.3681471074329711,Bitcore,3
GCN,Scrypt,PoW,163055097500.0,200000000000,3.2354725392252055,-1.086188764300545,0.005249607030430606,gCn Coin,3
SMART,Keccak,PoW,2241009149.22257,5000000000,-0.11938521413896026,-1.21772778462653,0.026458364155692218,SmartCash,3
SIGT,SkunkHash v2 Raptor,PoS,107972766.0,137500000,-0.3444978337410507,1.481596124580223,-0.1583121120809938,Signatum,0
ONX,X11,PoW,122475638.389743,1100000000,-0.2099306212765523,-0.983055114707886,-0.011215718025617986,Onix,3
CRM,Skein,PoW/PoS,47331802.4774238,100000000,-0.4062769025288564,1.8927470789250265,-0.5731210600424435,Cream,0
BCH,SHA-256,PoW,17995589.6469082,21000000,-0.14748677117178172,-1.342688872465079,0.15825519722159187,Bitcoin Cash,3
XMCC,X11,PoW/PoS,12569262.5359307,9507271,-0.38468090523485887,1.1940639123769563,-0.4857333170327632,Monoeci,0
DFT,Scrypt,PoS,18663297.3489799,17405891.19707116,-0.2981361446602649,0.8798260267397977,-0.23919941042927487,Draftcoin,0
VET,VeChainThor Authority,Proof of Authority,55454734800.0,86712634466,4.432388250604132,1.4684149199905987,-4.984875951136499,Vechain,0
SOJ,Scrypt,PoW,485214.0,10500000000,-0.10011580065317721,-1.0687164889936196,0.017694177008757493,Sojourn Coin,3
STCN,PoS,PoS,4000000.0,61599965,-0.35753088385071885,1.5578083607154034,-0.18478915198555285,Stakecoin,0
NYC,Scrypt,PoW,143006669741.687,0,1.5731373992267481,-1.002127492818336,0.0122352241601634,NewYorkCoin,3
FRAZ,Scrypt,PoW,9704042.0,20000000,-0.17427099552898098,-1.063854287245653,0.01801736706926788,FrazCoin,3
KRONE,Scrypt,PoW,17453749.4042601,84000000,-0.1737227430447279,-1.0638806110069619,0.018015077716656933,Kronecoin,3
ACC,Scrypt,PoW,32646731.063036,100000000,-0.17342368525211058,-1.0638814708468107,0.018013969327288444,AdCoin,3
LINX,Scrypt,PoW,33716526.0,100000000,-0.1734106114063185,-1.0638810091230722,0.01801392606505703,Linx,3
XCXT,Scrypt,PoW/PoS,19539588.0,48252000,-0.3396297994189346,1.1127978029932009,-0.45653961475241533,CoinonatX,0
ETHD,Scrypt,PoW/PoS,4200000.0,4200000,-0.34012944294864467,1.112811603648252,-0.45653763434791583,Ethereum Dark,0
SUMO,CryptoNight,PoW,8946653.0,88888888,0.30188543949682184,-2.3206625716416096,0.3338745458628072,Sumokoin,3
ODN,SHA-512,PoS,25000000.0,91388946,-0.29532809848223884,1.5439429043097561,0.05047009407671416,Obsidian,0
ADA,Ouroboros,PoS,25927070538.0,45000000000,0.6316088975449475,1.5754123398121689,-0.01587465794173583,Cardano,0
REC,X11,PoW/PoS,7262402.04264803,27000000,-0.3846217953349596,1.1940535128148515,-0.48573364250079704,Regalcoin,0
BTCZ,Equihash,PoW,5211553258.01514,21000000000,0.0827223039531549,-2.063135869495446,0.23316957057918913,BitcoinZ,3
TZC,NeoScrypt,PoW/PoS,182638400.0,400000000,-0.3430557899168343,0.5809275814689041,-0.21106149505191865,TrezarCoin,0
ELM,X11,PoW,2702855668.85288,1800000000,-0.17343544255018628,-0.9822659217193892,-0.011341679951831662,Elements,3
TER,Scrypt,PoW/PoS,1140734.91680375,15733333,-0.3400850974535505,1.1128049367513315,-0.45653786671583185,TerraNovaCoin,0
VIVO,NeoScrypt,PoW,4165967.57499639,27000000,-0.18220097948285072,-1.5956374773523112,0.2635129502618095,VIVO Coin,3
RUP,Lyra2REv2,PoS,24000000.0,24000000,-0.3160215442392523,0.6058741906216607,-0.05945117220077636,Rupee,0
BTG,Equihash,PoW,17202361.088994,21000000,-0.12942764500332518,-2.0556524988809852,0.23402734113630638,Bitcoin Gold,3
WOMEN,Scrypt,PoW/PoS,48459472454.0,25000000000,0.42917301695684024,1.1221375851040123,-0.4592688813764687,WomenCoin,0
MAY,SHA-256,PoW/PoS,92050800.0,100000000,-0.3117011214581698,0.8339674097001641,-0.31630594843670884,Theresa May Coin,0
NAMO,NIST5,PoW/PoS,560563220.0,1200000000,-0.33770624076376465,1.5267669841010372,-0.44841304649278224,NamoCoin,0
LUX,PHI1612,PoW/PoS,8305775.31777569,60000000,-0.4000498110957458,1.8915481190426728,-0.43366459930916823,LUXCoin,0
PIRL,Dagger,PoW,33986980.0,156306732.71,-0.13995862450055604,-2.387739810608156,0.29216196041853026,Pirl,3
XIOS,Scrypt,PoW/PoS,2149688.0,21000000,-0.3400354442416593,1.1128029307422176,-0.45653807012239334,Xios,0
BTDX,Quark,PoW/PoS,30711550.5294042,200000000,-0.39527216738119947,1.6860220195807816,-0.4631602617647812,Bitcloud 2.0,0
EBST,Scrypt,PoW,99990001.493466,100000000,-0.17260069058059313,-1.0638524054759342,0.018011245982808493,eBoost,3
KEK,POS 2.0,PoS,12330806.30517,21000000,-0.344154531760312,1.4016357432762268,-0.1850036453053651,KekCoin,0
BLHC,Scrypt,PoW/PoS,16362544.992,14788275.991,-0.3399057706605723,1.1128119445889482,-0.4565384531039116,BlackholeCoin,0
XIN,SHA-256,PoS,8999999990.0,9000000000,-0.09804411381520726,0.600700604300387,-0.09960174851273441,Infinity Economics,0
PURA,X11,PoW,175215859.0,350000000,-0.2146010595576685,-0.9826846738511101,-0.011194695086965252,Pura,3
INN,NeoScrypt,PoW,6375259.04,45000000,-0.18204642067917906,-1.595644868097584,0.2635123051808835,Innova,3
ELLA,Ethash,PoW,12756367.0,280000000,-0.15420926552237726,-2.1114160231318477,0.33133424189420596,Ellaism,3
GBX,NeoScrypt,PoW,5832306.875,31800000,-0.1821465995218344,-1.595638983300149,0.26351273467874503,GoByte,3
MAG,X11,PoW/PoS,38198594.8342105,144000000,-0.3834145921108383,1.194012627088893,-0.4857385058478241,Magnet,0
TAU,DPoS,DPoS,288090567.493887,500000000,3.7232960426835664,1.9253671627811058,0.3058454069016197,Lamden Tau,0
ECA,NIST5,PoW/PoS,28399150208.0,30000000000,0.20660093135117455,1.52543128303783,-0.45042801216674144,Electra,0
BCD,X13,PoW/PoS,183534024.889807,210000000,-0.2698811004264661,1.7945087187549729,-0.4895875315512944,Bitcoin Diamond,0
XSH,Multiple,PoW,481730566.566176,660000000,-0.12354142299635544,-1.8133379171084254,0.32865708652378406,SHIELD,3
CNBC,Scrypt,PoW/PoS,110976977.29338,210000000,-0.33736610534179134,1.1127622857273833,-0.4565483063162627,Cash & Back Coin,0
XUN,CryptoNight,PoW,19281821413.4924,85000000000,1.1391505365262133,-2.351706713625644,0.3304735830135643,UltraNote,3
COAL,CryptoNight,PoW,4500000.0,12500000,0.30128975784017786,-2.3206290791534636,0.33387708413923467,BitCoal,3
DAXX,Ethash,PoW,520891780.0,10000000000,-0.07911737856564323,-2.1157026207969993,0.331013594644443,DaxxCoin,3
BWK,NIST5,PoS,13247178.8807286,27716121,-0.3109795102505066,1.2940885016467185,-0.23101550317281433,Bulwark,0
KLKS,Quark,PoS,16955764.902064,20000000,-0.354992909589089,1.4531138279361069,-0.24581493157330714,Kalkulus,0
AC3,X11,PoW,80316207.0,550000000,-0.21434349220719964,-0.9828183467400327,-0.011197032233409458,AC3,3
LTHN,CryptoNight-V7,PoW,441250233.377,999481516,-0.13634561790249655,-2.3068921621451417,0.39875499494038846,Lethean,3
GER,Scrypt,PoW/PoS,4911500269.41,50000000000,0.0741437474722879,1.0917529981926788,-0.45827967060350877,GermanCoin,0
LTCU,Scrypt,PoW/PoS,8419402.321,150000000,-0.339044647796026,1.1127458361078768,-0.4565423064552281,LiteCoin Ultra,0
POP,Scrypt,PoW,3964201248.87125,4999999999,-0.09065211644442786,-1.0644561083679263,0.017703694111910615,PopularCoin,3
PNX,X11,PoW/PoS,45174214.1078625,50000000,-0.38399548683154505,1.194059213431176,-0.48573588575404164,PhantomX,0
PHO,BLAKE256,PoW,30089671530.5228, 90000000000,1.085918127082717,-1.2874098969037262,0.18714306240665896,Photon,3
SUCR,X11,PoW,4229040.50393462,19800000,-0.21903067501579113,-0.9826054006939586,-0.011177585723871748,Sucre,3
SPK,NeoScrypt,PoW,7847417.33355824,21000000,-0.18219850865742385,-1.5956331070124317,0.26351298663084843,SparksPay,3
WAGE,Quark,PoS,27299680.0,120000000,-0.35415783498579817,1.453071935283485,-0.2458184373105072,Digiwage,0
GUN,NeoScrypt,PoW,299797953.0,500000000,-0.17523611878368164,-1.5957291515497052,0.26348639142751473,GunCoin,3
IRL,Scrypt,PoW,45483049.3398182,64000000,-0.17352193261718638,-1.063859242136969,0.018014561705388465,IrishCoin,3
TROLL,Scrypt,PoW/PoS,591022748.0,900000000,-0.32660974594940584,1.1126496096792158,-0.45658902252376454,Trollcoin,0
LCP,Scrypt,PoW/PoS,2504486.227718,4000000,-0.3401515809607462,1.1128109645782993,-0.4565375596069124,Litecoin Plus,0
MONK,X11,PoS,4407252.0,21000000,-0.3429762488782238,0.9610693645525774,-0.2683941252597939,Monkey Project,0
PCOIN,X11,PoW,8478104.33969947,23000000,-0.21895607046756757,-0.9826050502238785,-0.01117785635273941,Pioneer Coin,3
UBTC,SHA-256,PoW,20166000.0,20166000,-0.14746615707393607,-1.3426875490973553,0.1582551351999393,UnitedBitcoin,3
ITZ,C11,PoW,11916588.09471,23000000,-0.21315872869870026,-1.1928717378083684,0.1359185525080559,Interzone,3
TPAY,POS 3.0,PoS,20445861.5344251,25000000,-0.3439606026689704,1.4412574857223188,-0.29530763520844866,TokenPay,0
MCT,Ethash,PoS,1618033.0,1618033,-0.2802744309190008,-0.1676165360483919,0.0741267918994168,1717 Masonic Commemorative Token,3
MBC,Scrypt,PoW and PoS,9399342.52839847,30000000,-0.30378796629975774,0.5159863983835861,-0.377016138441375,My Big Coin,0
TRTL,CryptoNight,PoW,53139835213.77,1000000000000,8.037189830254666,-2.7612609490963296,0.30085437140131654,TurtleCoin,3
MUN,SkunkHash,PoW,4818338.98949984,16600000,-0.13858478139456973,-2.2548303354549697,0.25294737940197826,MUNcoin,3
USX,Scrypt,PoW/PoS,234846265.782157,232000000,-0.33569640663849115,1.112805549181024,-0.4565539947933541,Unified Society USDEX,0
NBR,CryptoNight,PoW,133932467.774108,336000000,0.30516406176192606,-2.3207231812529177,0.3338618620813021,Niobio Cash,3
SSS,Scrypt,PoW,10000000000.0,10000000000,0.018543851549773047,-1.0641689106876855,0.017305236370690157,ShareChain,3
TRF,Dagger,PoW,107325266.027783,100000000,-0.13946139025101362,-2.387682055625133,0.2921607330692178,Travelflex,3
KREDS,Lyra2REv2,PoW,643795911.540095,1100000000,-0.1768656198389934,-1.338032352211856,0.19770703792470143,KREDS,3
TOKC,X13,PoS,230298925.0,800000000,-0.22340552277183073,1.5612696982687857,-0.27226842202669016,Tokyo Coin,0
BBP,Proof-of-BibleHash,POBh,1772091549.88818,5200000000,-0.18524066153438237,3.039359803857012,9.801262834230586,BiblePay,1
LCC,SHA-256 + Hive,PoW + Hive,638382332.208514,840000000,-0.3515938326912422,2.9368503729365543,14.696122962047099,LitecoinCash,1
FLIP,Scrypt,PoW,12446100.00278,40000000,-0.17409575258909993,-1.063862375190541,0.018016638694761413,BitFlip,3
LOT,Scrypt,PoW,14491014421.0,18406979840,0.13300517815842053,-1.0661278189438887,0.016864061125369274,LottoCoin,3
CIF,X11,PoW,211297638.500483,500000000,-0.21309711397607486,-0.9827386365799549,-0.011200785372731335,Crypto Improvement Fund,3
SPD,C11,PoW/PoS,11251342.1879021,19340594,-0.3788720058572227,0.9837906134851006,-0.33863701942136964,Stipend,0
POA,Proof-of-Authority,PoA,204479039.0,252460800,-0.38764604640293526,2.489737912447029,10.756982882933313,Poa Network,1
PUSHI,X11,PoW/PoS,2167827.1,25000000,-0.38469822882794497,1.1940522411369194,-0.4857333747288622,Pushi,0
ELP,XEVAN,PoW/PoS,419275.38,60000000,-0.34318046291906656,1.402588175275842,-0.6973876818901757,Ellerium,0
VLX,Scrypt,PoS,25570013.1348022,124000000,-0.2972963456968315,0.8797795937542994,-0.2392029807556427,Velox,0
ONT,VBFT,PoS,650848625.0,1000000000,-0.32697800012370365,1.4816925170287754,-0.13123340225069977,Ontology,0
CLO,Ethash,PoW,247612453.0,6500000000,-0.10726029161278323,-2.1141980701110445,0.33113270610788675,Callisto Network,3
TUBE,CryptoNight,PoW,80049082.9057215,1000000000,0.309211079586043,-2.321054248403334,0.33384354056338733,BitTube,3
PSD,Scrypt,PoW,4070212.1493016,21000000,-0.17433275931387693,-1.0638571823787888,0.01801756402557372,Poseidon,3
ADK,IMesh,PoW,25000000.0,25000000,-0.1444183984606684,-2.3218761565332007,0.39098182791662534,Aidos Kuneen,3
BSX,NIST5,PoW/PoS,13787854.6277781,50000000,-0.35253794385582,1.5270641022491207,-0.4483554295707563,Bitspace,0
BRIA,Scrypt,PoW/PoS,845637.81347436,3000000,-0.3401789401916284,1.1128107121898325,-0.45653746164919085,Briacoin,0
IC,Scrypt,PoW/PoS,1182153.5,5000000,-0.3401606544154012,1.1128099302883048,-0.4565375370064374,Ignition,0
BTL,Equihash,PoW,71355477.0,70000000,-0.12841860100169628,-2.055651841357289,0.23402363835662046,Bitrolium,3
MEDIC,Scrypt,PoS,267297676.3125,500000000,-0.2916776466437735,0.8797096208152049,-0.23922436490407123,MedicCoin,0
ALPS,Lyra2Z,PoW,27340501.6514783,300000000,-0.15422609686900116,-2.2091862142364107,0.34505112314221403,Alpenschillling,3
BITG,Green Protocol,PoS,9803691.3618195,21000000,-0.3558549300745384,1.4120935292928667,-0.0628391121516051,Bitcoin Green,0
DEV,PoS,PoS,21876586.8530324,88000000,-0.35712532884038145,1.5578038379667145,-0.18479068999322604,Deviant Coin,0
ABJ,Scrypt,PoW/PoS,9880502.37178894,30000000,-0.33987718716458065,1.1128020952254774,-0.4565386606234067,Abjcoin,0
SEM,Semux BFT consensus,DPoS,1231147.0,100000000,3.918670495417945,1.6002602084411763,0.2751809362440941,Semux,0
FTO,X11,PoW,31801461.1867843,100000000,-0.21812536797451695,-0.9826306788160712,-0.011181176865867535,FuturoCoin,3
CARE,Quark,PoW/PoS,139739596.506702,200000000,-0.3939397476707847,1.6860690761102917,-0.46316467083082824,Carebit,0
NZL,PoS,PoS,11075254.0929996,80000000,-0.35731402375602833,1.5578028846761307,-0.18479000619556077,Zealium,0
XMC,CryptoNight,PoW,16016864.0,18400000,0.30147231526615414,-2.320626843540569,0.3338764362417414,Monero Classic,3
PROTON,X16R,PoS,4403800.0,45000000,-0.31714753229889947,0.5976524333880381,0.004868803154037663,Proton,0
DEAL,Scrypt,PoW/PoS,1404157529.46026,5121951220,-0.28675311957201843,1.1110433851628334,-0.45675225535506214,iDealCash,0
JUMP,NIST5,PoW,21069346.2522598,21000000,-0.1869752553366529,-0.649580253521367,0.02620088313633252,Jumpcoin,3
INFX,Lyra2RE,PoW,5097689.71077377,26280000,-0.15541226072752048,-2.276768172155274,0.36278551012352733,Infinex,3
XBI,XEVAN,PoS/PoW,10904963.0923455,21000000,-0.3329525665365378,0.9416557194945798,-0.8263611031390756,Bitcoin Incognito,0
KEC,Tribus,PoW,795447.0,18000000,-0.1492932663377141,-2.2106896491437196,0.4436587952996927,KEYCO,3
HWC,Scrypt,PoS,38706809.466535,26000000,-0.2978302918634269,0.879830693545555,-0.23920048632099358,HollyWoodCoin,0
GIN,Lyra2Z,PoW,6986399.70430446,10500000,-0.15652642078891157,-2.209060795299557,0.34506088437231747,GINcoin,3
PLTC,CryptoNight,PoW,84300.0,600000518,0.30539919143873195,-2.3209033331070534,0.33385912403035,PlatinCoin,3
LOKI,CryptoNight Heavy,PoW,19153632.0,150000000,0.5945693106147101,-2.27258724239986,0.30625601262212393,Loki,3
NCP,CryptoNight,PoW,41294520017.0,184000000000,2.1097414269164716,-2.388099545738107,0.3265268375392479,Newton Coin,3
SIC,Scrypt,PoW/PoS,10200000000.0,10200000000,-0.14327385943132992,1.1124856372001208,-0.4572647382550567,Swisscoin,0
XT3,Scrypt,PoS,7630000.0154,44000000,-0.29808251882341774,0.8798089365115357,-0.23919978532058728,Xt3ch,0
MGD,Jump Consistent Hash,PoW,135862416.039898,168000000,-0.1473366452967093,-2.325374174679561,0.3668646785136718,MassGrid,3
VIG,SHA-256D,PoW/PoS,33238183.7225834,100000000,-0.3339122093106754,1.9455610462173922,-0.6806875005619711,TheVig,0
PLURA,CryptoNight,PoW,560085952.404637,1000000000,0.3150775571598883,-2.320847064380975,0.33382412799624855,PluraCoin,3
EMAR,Scrypt,PoW/PoS,21599339.6728,84000000,-0.33935129465806363,1.112782120250411,-0.4565408017434121,EmaratCoin,0
DKD,X15,PoS,30284196.369129,90000000,-0.18874856005565604,1.639712793621403,-0.38593115383370247,Dekado,0
LYNX,Scrypt,HPoW,77872059787.8998,92000000000,2.219942650130556,0.450184754348246,-0.26740274349253784,Lynx,0
POSQ,Quark,PoS,2716264.95302831,650000000 ,-0.35070235356316537,1.4528156325056345,-0.24583380655283915,Poseidon Quark,0
BWS,SHA-256,PoS,57811001.000889,100262205,-0.27039474541593206,0.600966812840314,-0.09896535534991685,BitcoinWSpectrum,0
MUSE,DPoS,PoS,18194936.0,18081806 ,1.014038495388859,1.722240738293268,0.05117024923424697,Muse,0
XMN,X16R,PoW,8125865.02097646,22075700,-0.1933082456116192,-1.3460105777452358,0.2620858556867606,Motion,3
PLUS1,HMQ1725,PoW,8645406.16776286,21000000,-0.1563992578116975,-2.220989667966618,0.3730136853241579,PlusOneCoin,3
AXE,X11,PoW,4993030.69736615,21000000,-0.21901283442289188,-0.982605627240682,-0.011177653668621449,Axe,3
TRVC,X16R,PoW/PoS,36923120.6205934,82546564,-0.3582069974518351,0.8306347606444314,-0.21247288767706388,Trivechain,0
DTEM,Quark,PoS,7082392.24744494,21000000,-0.355106484358438,1.4531091030153303,-0.245814563170984,Dystem,0
GIC,Quark,PoW/PoS,5919489.76813523,5151000,-0.39695597071758715,1.6861016456455376,-0.46315324334997604,Giant,0
PNY,Scrypt,PoS,1042012.45227735,16880000000,-0.17885256776807237,0.8720014136747397,-0.23971931894584833,Peony Coin,0
ABS,Lyra2REv2,PoW/PoS,13332617.9413708,52500000,-0.3576728989467656,0.8388420722110296,-0.27679083726625753,Absolute Coin,0
VITAE,Quark,PoS,66053877.6256106,100000000,-0.35382595676788847,1.4530979330217664,-0.2458193870338711,Vitae,0
HEX,Scrypt,PoW,1416663.06600024,22105263,-0.17435735545693326,-1.0638588400189282,0.018017637210170884,HexCoin,3
TPC,Scrypt,PoW/PoS,5403802.49590733,1000000000,-0.33305786765604867,1.1123504993200353,-0.45656842767665734,TPCash,0
WEBC,CryptoNight-V7,PoW,15580199.3087496,1750000000,-0.13622903938767764,-2.3074237999485483,0.3987490371793244,Webchain,3
RYO,Cryptonight-GPU,PoW,4890897.0,88188888,-0.17343824168436175,-2.0447670678465792,0.44346197170211826,Ryo,3
URALS,XEVAN,PoW,14746153.0962884,210000000,-0.17626316717565343,-0.7741361188932417,-0.22283718059985835,Urals Coin,3
QWC,CryptoNight Heavy,PoW,99553110528.8022,184470000000,3.117170004358524,-2.31507374986343,0.2965401305321506,Qwertycoin,3
ARE,X11,PoS,19269509.94,55000000,-0.3425536735270135,0.9610600176963233,-0.26839577601253023,ARENON,0
EUNO,X11,PoW/PoS,30771125.9760867,50000000,-0.3841715053811354,1.1940529970550533,-0.4857353032968736,EUNO,0
MMO,Scrypt,PoS,107763867.917675,260000000,-0.2953280823214352,0.8797520230000865,-0.23921050356136336,MMOCoin,0
KETAN,PoS,PoS,9327131.59708692,210000000,-0.35641412578116966,1.5577418659707043,-0.18479394916346245,Ketan,0
PPAI,SHA-256,PoW,2100000000.0,2100000000,-0.10730972641727829,-1.3427540427615787,0.15810681379037808,Project Pai,3
XDNA,Keccak,PoW/PoS,4672513.84432375,366000000,-0.3452338838827925,0.9601161414833624,-0.44786383918508316,XDNA,0
PAXEX,X11,PoS,4504639.0,100000000,-0.3424152151427534,0.9610327844847265,-0.2683965682693328,PAXEX,0
AZART,X11,PoW,5015881.37315389,25000000,-0.21898420865694188,-0.9826074716618745,-0.011177778089974562,Azart,3
TSC,Scrypt,PoW/PoS,1059954080.43439,18000000000,-0.1996976561097672,1.1049249383751167,-0.4571359368479551,ThunderStake,0
KCASH,SHA-512,Zero-Knowledge Proof,1000000000.0,1000000000,-0.2175442652482555,1.7102707043372007,0.475456217788974,Kcash,0
XCG,X16R,PoW,9753753.61515394,100000000,-0.19273613087047245,-1.3460459985850464,0.26208338399563746,Xchange,3
AAC,ECC 256K1,DPOS,1000000000.0,1000000000,-0.33000061238926215,2.61649186292907,16.58745843088593,Acute Angle Cloud,1
CRYP,Equihash,PoW,4235111504.0,7600000000,-0.02417149261944624,-2.0573454520883407,0.23362277351201707,CrypticCoin,3
BTXC,XEVAN,PoS,6787405.18013774,50000000,-0.3014505462882217,1.1696098620668003,-0.4800484141389514,Bettex coin,0
ACM,Lyra2Z,PoW,13634850.0,84000000,-0.15592430368405988,-2.209091998287115,0.34505834624822634,Actinium,3
BSV,SHA-256,PoW,17992514.6469233,21000000,-0.1474868087510169,-1.3426888737922495,0.15825519734594365,Bitcoin SV,3
BITM,XEVAN,Pos,208515864.367343,70000000000,0.4315730976734383,0.8389150439567361,-0.962600659560956,BitMoney,0
JMC,X11,PoS,17209923728.3266,0,-0.13285835112783478,0.9685050043764892,-0.2690892635458616,Junson Ming Chan Coin,0
FRED,CryptoNight,PoW,1867054873.28397,8080000000,0.3812232033643218,-2.3235650581792626,0.33355268432882046,FREDEnergy,3
HERB,Quark,PoW/PoS,35312185.7437239,54000000,-0.3962505911545741,1.6860916865655462,-0.4631559401626467,HerbCoin,0
UMO,Blake,PoW,1578281.31341127,105120001.44,-0.12935373875849984,-2.3108722729961255,0.246262085352353,Universal Molecule,3
LIT,Blake,PoW,15846721.2482747,25228800,-0.12974552492206629,-2.3108290794990496,0.24626397492679622,Lithium,3
PIRATE,Equihash,PoS,13475920.0,105000000,-0.2528341644292833,-0.11201780255286976,-0.023191596890120587,PirateCash,0
EXO,Exosis,PoW,406091.925,21000000,-0.19094400900913108,-2.152241641912652,0.38125011450047064,Exosis,3
BLTG,Scrypt,PoW,35284717.173946,120000000,-0.17324971416332782,-1.0638896037091512,0.01801324516142197,Block-Logic,3
OWC,Scrypt,PoW/PoS,14777549.3940764,21000000,-0.33988112054200004,1.1128083809300748,-0.45653858078985016,Oduwa,0
BEAM,Equihash,PoW,35687520.0,262800000,-0.12748819336597672,-2.055756612122751,0.23401912819081397,Beam,3
GALI,Quark,PoW/PoS,18265011.2486006,19035999,-0.3967066996458186,1.6861005372941158,-0.463154171289574,Galilel,0
BTH,Equihash,PoW,25150787.5,30886000,-0.12926044976149942,-2.0556536512001258,0.234026714480472,Bithereum,3
CSPN,Quark,PoS,1934701.67524713,13370000,-0.3552234646850047,1.4531104183167758,-0.24581411942864892,Crypto Sports,0
CREDIT,Scrypt,PoW/PoS,30825710000.0296,74800000000,0.5665868072606342,1.091441019015794,-0.4600933176800396,Credit,0
SLC,QuBit,PoW,12925790.4226959,100000000,-0.18508937901980088,-1.548884531395109,0.24797863796183411,SLICE,3
DASHP,X11,PoS,715659.44237941,19700000,-0.3430305760390932,0.9610683739025413,-0.26839393583612786,Dash Platinum,0
NSD,Scrypt,PoW/PoS,20546528.2059957,84000000,-0.33936416095074207,1.112781665856742,-0.45654075916798786,Nasdacoin,0
BEET,XEVAN,PoW/PoS,198938144.363399,500000000,-0.3376362696026747,1.4024698848745265,-0.6974092946425587,Beetle Coin,0
TTN,SHA-256D,PoW/PoS,896361168.0,5000000000,-0.28863960343416634,1.9436620729461183,-0.6808736891979099,Titan Coin,0
AWR,X11,PoW/PoS,15420234.5389336,420000000,-0.38173705472155,1.1938748503784788,-0.4857461060089713,Award,0
BLAST,SHA-256,PoW,52293836.6277958,64000000,-0.146762891096411,-1.342694002882017,0.15825248261359823,BLAST,3
XRC,X13,PoW,1170292.5,2100000,-0.1079038429243621,-0.3821345551057001,-0.015018026224535382,Bitcoin Rhodium,3
GLT,SHA-256,PoW,84613099.9999955,168000000,-0.1456309116781343,-1.3427282652528612,0.15824796470170707,GlobalToken,3
INSN,X11,PoW/PoS,23775960.3207514,30000000,-0.38439872507998707,1.1940592493577085,-0.48573440292779146,Insane Coin,0
ALX,DPoS,DPoS,1000000000.0,1000000000,3.7355395230408375,1.9254426376108547,0.3058011803081536,ALAX,0
LDOGE,Scrypt,PoW/PoS,15318887081.0146,35000000000,0.09503185858964147,1.1031983920248383,-0.4582374278494394,LiteDoge,0
SLR,Scrypt,PoW,55565076.3863525,98100000000,0.5213459012437726,-1.1093015262465802,0.014987359212025948,SolarCoin,3
TRK,X11,PoW/PoS,242574105.22384,0,-0.38193741593974945,1.1941675898135715,-0.4857423248387324,TruckCoin,0
UFO,NeoScrypt,PoW,3824685012.0,4000000000,-0.10735566670410829,-1.595830307596929,0.2632357857863982,UFO Coin,3
OC,Scrypt,PoW/PoS,3537150.0,200000000,-0.3387499818829605,1.1127205503822932,-0.45654365273417546,OrangeCoin,0
BLC,Blake,PoW,23356790.1494191,7000000000,-0.0802261391717522,-2.3140591390260274,0.24604832990762854,BlakeCoin,3
BITS,Scrypt,PoW/PoS,20576532.0,54256119,-0.33957457808545,1.1127954672036953,-0.456539842059251,BitstarCoin,0
NEOS,SHA-256,PoS,4392258.24647793,21000000,-0.27160927170122845,0.6009805009494651,-0.09896074794310854,NeosCoin,0
HYPER,Scrypt,PoW/PoS,9631199.99309942,0,-0.3400928326891545,1.112815894753135,-0.45653772431210016,HyperCoin,0
PINK,X11,PoW/PoS,436353624.490312,500000000,-0.37602594403743667,1.194019439654595,-0.485765598392201,PinkCoin,0
CESC,Scrypt,PoW,780210700.0,1000000000,-0.1579098237058447,-1.0639760358659578,0.017955951145798572,Crypto Escudo,3
ADC,Scrypt,PoW/PoS,980732528.97974,10500000000,-0.25381552087531706,1.1083675279907592,-0.456901175753196,AudioCoin,0
NKA,SHA-256,PoW/PoS,17939725045.334,190000000,-0.09294886886070712,0.8416287485951388,-0.31703048246671595,IncaKoin,0
PIGGY,X11,PoW/PoS,494240666.028571,1000000000,-0.3717751990994483,1.1938126382712368,-0.4857833764889352,Piggy Coin,0
CRW,SHA-256,PoW,22986929.0854247,42000000,-0.1472769533842613,-1.3426964531904741,0.15825434701240484,Crown Coin,3
GEN,Scrypt,PoW/PoS,60000000.0,15000000,-0.33937098173240243,1.112830680375395,-0.4565402243281671,Genstake,0
SMLY,Scrypt,PoW,29583989322.9213,50000000000,0.5413427261380753,-1.0742592919243925,0.015278292118859482,SmileyCoin,3
MI,Scrypt,PoW/PoS,404316475.545465,400000000,-0.3324347764834968,1.1128008126531297,-0.45656603501057164,XiaoMiCoin,0
GRS,Groestl,PoW,73298203.8873662,105000000,-0.20064414199839808,-1.293145248614691,0.13908544393887592,Groestlcoin,3
CPC,X11,PoW/PoS,201364327.427503,208000000,-0.38096701754463885,1.1940533809195022,-0.485747080184391,CapriCoin,0
CLUB,Scrypt,PoW/PoS,103621876.167052,160000000,-0.33781032260002103,1.1127822898084283,-0.4565464651618996, ClubCoin,0
RADS,PoS,PoS,3821245.74150193,9000000,-0.3579058247500332,1.5578326673774758,-0.18478752076865562,Radium,0
BTA,Scrypt,PoW,5052555.91981545,5000000,-0.1744341402405909,-1.0638493412647956,0.01801801828895552,Bata,3
PAK,Scrypt,PoW,69684455.4387001,182000000,-0.1723899478499533,-1.0639034981692876,0.01800993983707847,Pakcoin,3
CRB,X11,Proof of Trust,16901016.6609755,16504333,-0.336993830585267,0.511401690775416,-0.2802639824749623,Creditbit ,0
OK,SHA-256,PoW/PoS,74676064.9488608,105000000,-0.31187802303866086,0.8339575929061165,-0.3163054001785043,OKCash,0
LSK,DPoS,DPoS,120012140.0,159918400,3.7188319431315158,1.9254522720225573,0.3058627037378078,Lisk,0
XHI,Scrypt,PoS,10000244677.7002,10008835635,-0.10534679913485204,0.8795023435875868,-0.23991154159814207,HiCoin,0
XWC,Scrypt,PoW/PoS,252005564.19257,300000000,-0.3350048140712459,1.1127814323177896,-0.45655678816467515,WhiteCoin,0
FSC,NeoScrypt,PoW/PoS,1120385.00502,60168145,-0.3476823633338541,0.5810067744068141,-0.21104366243298817,FriendshipCoin,0
J,Multiple,PoW,3332922.5,2800000,-0.13404519943007492,-1.8132397348535294,0.32869672340379325,JoinCoin,3
TRI,X13,PoW/PoS,140777.753365,120000,-0.27360967044725504,1.7945268604455242,-0.489573635273541,Triangles Coin,0
VOLLAR,Equihash+Scrypt,PoW,100000000.0,2100000000,-0.10631553686290417,-2.564159018986472,0.19845557604396036,Vollar,3
EOS,DPoS,DPoS,1020544523.0722,0,3.728703967797557,1.925915075519073,0.30583122381236183,EOS,0
RCC,Ethash,PoW,24487944.0958204,24487944,-0.15587661400006433,-2.111292511829962,0.3313416562330882,Reality Clash,3
OXY,DPoS,DPoS,1122382283.37,0,3.7299485158206735,1.925959028719645,0.30582710551961334,Oxycoin,0
TCH,SHA-256,PoS,1000000000.0,1000000000,-0.2525042510180261,0.6009563695791353,-0.09903123602200228,TigerCash,0
WAVES,Leased POS,LPoS,100000000.0,100000000,-0.45386186718960325,3.4502282013808108,16.82982869001836,Waves,1
PART,PoS,PoS,9283137.5558676,8634140,-0.3578416682868723,1.5578351943332733,-0.18478773035047275,Particl,0
BTT,TRC10,DPoS,989988713439.649,990000000000,34.06670698975653,1.801412513831725,0.21952962220498273,BitTorrent,2
NXT,PoS,PoS/LPoS,1000000000.0,1000000000,-0.36772564564301663,1.747392241109916,-0.13395511401011898,Nxt,0
ZEPH,SHA-256,DPoS,1999999995.3056,2000000000,2.469347273905551,0.8041577396343713,0.15559840099012429,ZEPHYR,0
GAP,Scrypt,PoW/PoS,14931046.1546605,250000000,-0.3382564069566756,1.1127022894461032,-0.4565456572163671,Gapcoin,0
BDX,CryptoNight,PoW,980222595.0,1400222610,0.32304822926586735,-2.320851264860676,0.33379478117812794,Beldex,3
ZEN,Equihash,PoW,7296537.5,21000000,-0.12954870297955096,-2.055656774236706,0.23402774172525628,Horizen,3
XBC,Scrypt,PoS,128326.99633965,1000000,-0.29847892092742523,0.8798256323359068,-0.2391981543591314,BitcoinPlus,0
